,phi_vec,min_time
1,-0.6,18
2,-0.55,16
3,-0.5,18
4,-0.45,18
5,-0.4,16
6,-0.35,16
7,-0.3,17
8,-0.25,17
9,-0.2,17
10,-0.15,17
11,-0.1,18
12,-0.0499999999999999,17
13,1.11022302462516e-16,17
14,0.05,17
15,0.1,17
16,0.15,16
17,0.2,17
18,0.25,17
19,0.3,17
20,0.35,17
21,0.4,18
22,0.45,17
23,0.5,16
24,0.55,17
25,0.6,17
